﻿Country Name,Country Code,Series Name,Series Code,2017 [YR2017],2018 [YR2018],2019 [YR2019]
India,IND,Urban population,SP.URB.TOTL,449789369,460295677,..
India,IND,"Population, total",SP.POP.TOTL,1338658835,1352617328,..
Italy,ITA,Urban population,SP.URB.TOTL,42462869,42566587,..
Italy,ITA,"Population, total",SP.POP.TOTL,60536709,60431283,..
Afghanistan,AFG,Urban population,SP.URB.TOTL,9164841,9477100,..
Afghanistan,AFG,"Population, total",SP.POP.TOTL,36296400,37172386,..
Albania,ALB,Urban population,SP.URB.TOTL,1706345,1728969,..
Albania,ALB,"Population, total",SP.POP.TOTL,2873457,2866376,..
Algeria,DZA,Urban population,SP.URB.TOTL,29821745,30670086,..
Algeria,DZA,"Population, total",SP.POP.TOTL,41389198,42228429,..
American Samoa,ASM,Urban population,SP.URB.TOTL,48484,48339,..
American Samoa,ASM,"Population, total",SP.POP.TOTL,55620,55465,..
Andorra,AND,Urban population,SP.URB.TOTL,67876,67813,..
Andorra,AND,"Population, total",SP.POP.TOTL,77001,77006,..
Angola,AGO,Urban population,SP.URB.TOTL,19332881,20184707,..
Angola,AGO,"Population, total",SP.POP.TOTL,29816748,30809762,..
Antigua and Barbuda,ATG,Urban population,SP.URB.TOTL,23583,23685,..
Antigua and Barbuda,ATG,"Population, total",SP.POP.TOTL,95426,96286,..
Argentina,ARG,Urban population,SP.URB.TOTL,40410674,40877099,..
Argentina,ARG,"Population, total",SP.POP.TOTL,44044811,44494502,..
Armenia,ARM,Urban population,SP.URB.TOTL,1858263,1864017,..
Armenia,ARM,"Population, total",SP.POP.TOTL,2944809,2951776,..
Aruba,ABW,Urban population,SP.URB.TOTL,45616,45948,..
Aruba,ABW,"Population, total",SP.POP.TOTL,105366,105845,..
Australia,AUS,Urban population,SP.URB.TOTL,21133982,21496436,..
Australia,AUS,"Population, total",SP.POP.TOTL,24601860,24992369,..
Austria,AUT,Urban population,SP.URB.TOTL,5110858,5157557,..
Austria,AUT,"Population, total",SP.POP.TOTL,8797566,8847037,..
Azerbaijan,AZE,Urban population,SP.URB.TOTL,5453517,5535892,..
Azerbaijan,AZE,"Population, total",SP.POP.TOTL,9854033,9942334,..
"Bahamas, The",BHS,Urban population,SP.URB.TOTL,316575,320178,..
"Bahamas, The",BHS,"Population, total",SP.POP.TOTL,381761,385640,..
Bahrain,BHR,Urban population,SP.URB.TOTL,1332505,1401305,..
Bahrain,BHR,"Population, total",SP.POP.TOTL,1494074,1569439,..
Bangladesh,BGD,Urban population,SP.URB.TOTL,57254681,59107944,..
Bangladesh,BGD,"Population, total",SP.POP.TOTL,159670593,161356039,..
Barbados,BRB,Urban population,SP.URB.TOTL,89187,89280,..
Barbados,BRB,"Population, total",SP.POP.TOTL,286233,286641,..
Belarus,BLR,Urban population,SP.URB.TOTL,7421374,7455039,..
Belarus,BLR,"Population, total",SP.POP.TOTL,9498264,9485386,..
Belgium,BEL,Urban population,SP.URB.TOTL,11143219,11193741,..
Belgium,BEL,"Population, total",SP.POP.TOTL,11375158,11422068,..
Belize,BLZ,Urban population,SP.URB.TOTL,171354,175155,..
Belize,BLZ,"Population, total",SP.POP.TOTL,375769,383071,..
Benin,BEN,Urban population,SP.URB.TOTL,5226419,5433806,..
Benin,BEN,"Population, total",SP.POP.TOTL,11175204,11485048,..
Bermuda,BMU,Urban population,SP.URB.TOTL,63874,63968,..
Bermuda,BMU,"Population, total",SP.POP.TOTL,63874,63968,..
Bhutan,BTN,Urban population,SP.URB.TOTL,299472,308509,..
Bhutan,BTN,"Population, total",SP.POP.TOTL,745568,754394,..
Bolivia,BOL,Urban population,SP.URB.TOTL,7732024,7881919,..
Bolivia,BOL,"Population, total",SP.POP.TOTL,11192854,11353142,..
Bosnia and Herzegovina,BIH,Urban population,SP.URB.TOTL,1604577,1603630,..
Bosnia and Herzegovina,BIH,"Population, total",SP.POP.TOTL,3351527,3323929,..
Botswana,BWA,Urban population,SP.URB.TOTL,1514923,1565400,..
Botswana,BWA,"Population, total",SP.POP.TOTL,2205128,2254126,..
Brazil,BRA,Urban population,SP.URB.TOTL,179379301,181335507,..
Brazil,BRA,"Population, total",SP.POP.TOTL,207833831,209469333,..
British Virgin Islands,VGB,Urban population,SP.URB.TOTL,14001,14222,..
British Virgin Islands,VGB,"Population, total",SP.POP.TOTL,29577,29802,..
Brunei Darussalam,BRN,Urban population,SP.URB.TOTL,328169,332999,..
Brunei Darussalam,BRN,"Population, total",SP.POP.TOTL,424473,428962,..
Bulgaria,BGR,Urban population,SP.URB.TOTL,5283539,5268724,..
Bulgaria,BGR,"Population, total",SP.POP.TOTL,7075947,7024216,..
Burkina Faso,BFA,Urban population,SP.URB.TOTL,5516726,5798656,..
Burkina Faso,BFA,"Population, total",SP.POP.TOTL,19193284,19751535,..
Burundi,BDI,Urban population,SP.URB.TOTL,1375682,1456375,..
Burundi,BDI,"Population, total",SP.POP.TOTL,10827024,11175378,..
Cabo Verde,CPV,Urban population,SP.URB.TOTL,350776,357429,..
Cabo Verde,CPV,"Population, total",SP.POP.TOTL,537497,543767,..
Cambodia,KHM,Urban population,SP.URB.TOTL,3678963,3800503,..
Cambodia,KHM,"Population, total",SP.POP.TOTL,16009414,16249798,..
Cameroon,CMR,Urban population,SP.URB.TOTL,13702203,14215401,..
Cameroon,CMR,"Population, total",SP.POP.TOTL,24566045,25216237,..
Canada,CAN,Urban population,SP.URB.TOTL,29725508,30169985,..
Canada,CAN,"Population, total",SP.POP.TOTL,36540268,37058856,..
Cayman Islands,CYM,Urban population,SP.URB.TOTL,63382,64174,..
Cayman Islands,CYM,"Population, total",SP.POP.TOTL,63382,64174,..
Central African Republic,CAF,Urban population,SP.URB.TOTL,1883452,1930200,..
Central African Republic,CAF,"Population, total",SP.POP.TOTL,4596028,4666377,..
Chad,TCD,Urban population,SP.URB.TOTL,3432534,3569015,..
Chad,TCD,"Population, total",SP.POP.TOTL,15016773,15477751,..
Channel Islands,CHI,Urban population,SP.URB.TOTL,52141,52708,..
Channel Islands,CHI,"Population, total",SP.POP.TOTL,168665,170499,..
Chile,CHL,Urban population,SP.URB.TOTL,16159787,16400002,..
Chile,CHL,"Population, total",SP.POP.TOTL,18470439,18729160,..
China,CHN,Urban population,SP.URB.TOTL,803554542,823827650,..
China,CHN,"Population, total",SP.POP.TOTL,1386395000,1392730000,..
Colombia,COL,Urban population,SP.URB.TOTL,39338952,40105215,..
Colombia,COL,"Population, total",SP.POP.TOTL,48901066,49648685,..
Comoros,COM,Urban population,SP.URB.TOTL,234271,241082,..
Comoros,COM,"Population, total",SP.POP.TOTL,813892,832322,..
"Congo, Dem. Rep.",COD,Urban population,SP.URB.TOTL,35717778,37376673,..
"Congo, Dem. Rep.",COD,"Population, total",SP.POP.TOTL,81398764,84068091,..
"Congo, Rep.",COG,Urban population,SP.URB.TOTL,3396521,3509318,..
"Congo, Rep.",COG,"Population, total",SP.POP.TOTL,5110702,5244363,..
Costa Rica,CRI,Urban population,SP.URB.TOTL,3888684,3966556,..
Costa Rica,CRI,"Population, total",SP.POP.TOTL,4949954,4999441,..
Cote d'Ivoire,CIV,Urban population,SP.URB.TOTL,12298401,12729904,..
Cote d'Ivoire,CIV,"Population, total",SP.POP.TOTL,24437469,25069229,..
Croatia,HRV,Urban population,SP.URB.TOTL,2337248,2328791,..
Croatia,HRV,"Population, total",SP.POP.TOTL,4124531,4089400,..
Cuba,CUB,Urban population,SP.URB.TOTL,8728621,8734561,..
Cuba,CUB,"Population, total",SP.POP.TOTL,11339259,11338138,..
Curacao,CUW,Urban population,SP.URB.TOTL,142881,142497,..
Curacao,CUW,"Population, total",SP.POP.TOTL,160175,159849,..
Cyprus,CYP,Urban population,SP.URB.TOTL,788451,794548,..
Cyprus,CYP,"Population, total",SP.POP.TOTL,1179680,1189265,..
Czech Republic,CZE,Urban population,SP.URB.TOTL,7805452,7840913,..
Czech Republic,CZE,"Population, total",SP.POP.TOTL,10594438,10625695,..
Denmark,DNK,Urban population,SP.URB.TOTL,5059173,5094448,..
Denmark,DNK,"Population, total",SP.POP.TOTL,5764980,5797446,..
Djibouti,DJI,Urban population,SP.URB.TOTL,733072,745819,..
Djibouti,DJI,"Population, total",SP.POP.TOTL,944097,958920,..
Dominica,DMA,Urban population,SP.URB.TOTL,50150,50483,..
Dominica,DMA,"Population, total",SP.POP.TOTL,71458,71625,..
Dominican Republic,DOM,Urban population,SP.URB.TOTL,8439626,8615868,..
Dominican Republic,DOM,"Population, total",SP.POP.TOTL,10513131,10627165,..
Ecuador,ECU,Urban population,SP.URB.TOTL,10687239,10903407,..
Ecuador,ECU,"Population, total",SP.POP.TOTL,16785361,17084357,..
"Egypt, Arab Rep.",EGY,Urban population,SP.URB.TOTL,41185809,42030812,..
"Egypt, Arab Rep.",EGY,"Population, total",SP.POP.TOTL,96442593,98423595,..
El Salvador,SLV,Urban population,SP.URB.TOTL,4553134,4624412,..
El Salvador,SLV,"Population, total",SP.POP.TOTL,6388122,6420744,..
Equatorial Guinea,GNQ,Urban population,SP.URB.TOTL,904173,944333,..
Equatorial Guinea,GNQ,"Population, total",SP.POP.TOTL,1262001,1308974,..
Eritrea,ERI,Urban population,SP.URB.TOTL,..,..,..
Eritrea,ERI,"Population, total",SP.POP.TOTL,..,..,..
Estonia,EST,Urban population,SP.URB.TOTL,905267,909825,..
Estonia,EST,"Population, total",SP.POP.TOTL,1317384,1320884,..
Eswatini,SWZ,Urban population,SP.URB.TOTL,265723,270402,..
Eswatini,SWZ,"Population, total",SP.POP.TOTL,1124753,1136191,..
Ethiopia,ETH,Urban population,SP.URB.TOTL,21609845,22678295,..
Ethiopia,ETH,"Population, total",SP.POP.TOTL,106400024,109224559,..
Faroe Islands,FRO,Urban population,SP.URB.TOTL,20257,20400,..
Faroe Islands,FRO,"Population, total",SP.POP.TOTL,48331,48497,..
Fiji,FJI,Urban population,SP.URB.TOTL,489113,496942,..
Fiji,FJI,"Population, total",SP.POP.TOTL,877459,883483,..
Finland,FIN,Urban population,SP.URB.TOTL,4699884,4711421,..
Finland,FIN,"Population, total",SP.POP.TOTL,5508214,5518050,..
France,FRA,Urban population,SP.URB.TOTL,53612472,53887219,..
France,FRA,"Population, total",SP.POP.TOTL,66865144,66987244,..
French Polynesia,PYF,Urban population,SP.URB.TOTL,170587,171700,..
French Polynesia,PYF,"Population, total",SP.POP.TOTL,276103,277679,..
Gabon,GAB,Urban population,SP.URB.TOTL,1837197,1893996,..
Gabon,GAB,"Population, total",SP.POP.TOTL,2064823,2119275,..
"Gambia, The",GMB,Urban population,SP.URB.TOTL,1341598,1397018,..
"Gambia, The",GMB,"Population, total",SP.POP.TOTL,2213894,2280102,..
Georgia,GEO,Urban population,SP.URB.TOTL,2170854,2187560,..
Georgia,GEO,"Population, total",SP.POP.TOTL,3728004,3731000,..
Germany,DEU,Urban population,SP.URB.TOTL,63861626,64113235,..
Germany,DEU,"Population, total",SP.POP.TOTL,82657002,82927922,..
Ghana,GHA,Urban population,SP.URB.TOTL,16135333,16687441,..
Ghana,GHA,"Population, total",SP.POP.TOTL,29121471,29767108,..
Gibraltar,GIB,Urban population,SP.URB.TOTL,33728,33718,..
Gibraltar,GIB,"Population, total",SP.POP.TOTL,33728,33718,..
Greece,GRC,Urban population,SP.URB.TOTL,8466513,8481080,..
Greece,GRC,"Population, total",SP.POP.TOTL,10754679,10727668,..
Greenland,GRL,Urban population,SP.URB.TOTL,48629,48639,..
Greenland,GRL,"Population, total",SP.POP.TOTL,56171,56025,..
Grenada,GRD,Urban population,SP.URB.TOTL,40096,40427,..
Grenada,GRD,"Population, total",SP.POP.TOTL,110874,111454,..
Guam,GUM,Urban population,SP.URB.TOTL,155572,157115,..
Guam,GUM,"Population, total",SP.POP.TOTL,164281,165768,..
Guatemala,GTM,Urban population,SP.URB.TOTL,8572490,8805695,..
Guatemala,GTM,"Population, total",SP.POP.TOTL,16914936,17247807,..
Guinea,GIN,Urban population,SP.URB.TOTL,4319334,4486535,..
Guinea,GIN,"Population, total",SP.POP.TOTL,12067539,12414318,..
Guinea-Bissau,GNB,Urban population,SP.URB.TOTL,785097,812700,..
Guinea-Bissau,GNB,"Population, total",SP.POP.TOTL,1828146,1874309,..
Guyana,GUY,Urban population,SP.URB.TOTL,205728,207262,..
Guyana,GUY,"Population, total",SP.POP.TOTL,775221,779004,..
Haiti,HTI,Urban population,SP.URB.TOTL,5968477,6148669,..
Haiti,HTI,"Population, total",SP.POP.TOTL,10982366,11123176,..
Honduras,HND,Urban population,SP.URB.TOTL,5323338,5474092,..
Honduras,HND,"Population, total",SP.POP.TOTL,9429013,9587522,..
"Hong Kong SAR, China",HKG,Urban population,SP.URB.TOTL,7391700,7451000,..
"Hong Kong SAR, China",HKG,"Population, total",SP.POP.TOTL,7391700,7451000,..
Hungary,HUN,Urban population,SP.URB.TOTL,6955524,6970126,..
Hungary,HUN,"Population, total",SP.POP.TOTL,9787966,9768785,..
Iceland,ISL,Urban population,SP.URB.TOTL,322016,331698,..
Iceland,ISL,"Population, total",SP.POP.TOTL,343400,353574,..
Indonesia,IDN,Urban population,SP.URB.TOTL,144652795,148084795,..
Indonesia,IDN,"Population, total",SP.POP.TOTL,264645886,267663435,..
"Iran, Islamic Rep.",IRN,Urban population,SP.URB.TOTL,60016579,61266765,..
"Iran, Islamic Rep.",IRN,"Population, total",SP.POP.TOTL,80673951,81800269,..
Iraq,IRQ,Urban population,SP.URB.TOTL,26391343,27085311,..
Iraq,IRQ,"Population, total",SP.POP.TOTL,37552781,38433600,..
Ireland,IRL,Urban population,SP.URB.TOTL,3026107,3065960,..
Ireland,IRL,"Population, total",SP.POP.TOTL,4807388,4853506,..
Isle of Man,IMN,Urban population,SP.URB.TOTL,43854,44214,..
Isle of Man,IMN,"Population, total",SP.POP.TOTL,83598,84077,..
Israel,ISR,Urban population,SP.URB.TOTL,8045513,8210230,..
Israel,ISR,"Population, total",SP.POP.TOTL,8713300,8883800,..
Jamaica,JAM,Urban population,SP.URB.TOTL,1617510,1633951,..
Jamaica,JAM,"Population, total",SP.POP.TOTL,2920853,2934855,..
Japan,JPN,Urban population,SP.URB.TOTL,116053379,115920900,..
Japan,JPN,"Population, total",SP.POP.TOTL,126785797,126529100,..
Jordan,JOR,Urban population,SP.URB.TOTL,8874306,9057879,..
Jordan,JOR,"Population, total",SP.POP.TOTL,9779173,9956011,..
Kazakhstan,KAZ,Urban population,SP.URB.TOTL,10342139,10495828,..
Kazakhstan,KAZ,"Population, total",SP.POP.TOTL,18037776,18276499,..
Kenya,KEN,Urban population,SP.URB.TOTL,13339828,13891531,..
Kenya,KEN,"Population, total",SP.POP.TOTL,50221473,51393010,..
Kiribati,KIR,Urban population,SP.URB.TOTL,60803,62623,..
Kiribati,KIR,"Population, total",SP.POP.TOTL,114158,115847,..
"Korea, Dem. People’s Rep.",PRK,Urban population,SP.URB.TOTL,15684706,15815082,..
"Korea, Dem. People’s Rep.",PRK,"Population, total",SP.POP.TOTL,25429985,25549819,..
"Korea, Rep.",KOR,Urban population,SP.URB.TOTL,41946498,42061563,..
"Korea, Rep.",KOR,"Population, total",SP.POP.TOTL,51466201,51635256,..
Kosovo,XKX,Urban population,SP.URB.TOTL,..,..,..
Kosovo,XKX,"Population, total",SP.POP.TOTL,1830700,1845300,..
Kuwait,KWT,Urban population,SP.URB.TOTL,4056097,4137309,..
Kuwait,KWT,"Population, total",SP.POP.TOTL,4056097,4137309,..
Kyrgyz Republic,KGZ,Urban population,SP.URB.TOTL,2239720,2295856,..
Kyrgyz Republic,KGZ,"Population, total",SP.POP.TOTL,6198200,6315800,..
Lao PDR,LAO,Urban population,SP.URB.TOTL,2389619,2471810,..
Lao PDR,LAO,"Population, total",SP.POP.TOTL,6953035,7061507,..
Latvia,LVA,Urban population,SP.URB.TOTL,1322185,1312784,..
Latvia,LVA,"Population, total",SP.POP.TOTL,1942248,1926542,..
Lebanon,LBN,Urban population,SP.URB.TOTL,6023671,6067668,..
Lebanon,LBN,"Population, total",SP.POP.TOTL,6811873,6848925,..
Lesotho,LSO,Urban population,SP.URB.TOTL,579949,593502,..
Lesotho,LSO,"Population, total",SP.POP.TOTL,2091412,2108132,..
Liberia,LBR,Urban population,SP.URB.TOTL,2383889,2464955,..
Liberia,LBR,"Population, total",SP.POP.TOTL,4702228,4818977,..
Libya,LBY,Urban population,SP.URB.TOTL,5252536,5349666,..
Libya,LBY,"Population, total",SP.POP.TOTL,6580724,6678567,..
Liechtenstein,LIE,Urban population,SP.URB.TOTL,5411,5436,..
Liechtenstein,LIE,"Population, total",SP.POP.TOTL,37800,37910,..
Lithuania,LTU,Urban population,SP.URB.TOTL,1909625,1887928,..
Lithuania,LTU,"Population, total",SP.POP.TOTL,2828403,2789533,..
Luxembourg,LUX,Urban population,SP.URB.TOTL,541038,552917,..
Luxembourg,LUX,"Population, total",SP.POP.TOTL,596336,607728,..
"Macao SAR, China",MAC,Urban population,SP.URB.TOTL,622585,631636,..
"Macao SAR, China",MAC,"Population, total",SP.POP.TOTL,622585,631636,..
Madagascar,MDG,Urban population,SP.URB.TOTL,9338873,9767237,..
Madagascar,MDG,"Population, total",SP.POP.TOTL,25570540,26262368,..
Malawi,MWI,Urban population,SP.URB.TOTL,2953407,3072933,..
Malawi,MWI,"Population, total",SP.POP.TOTL,17670260,18143315,..
Malaysia,MYS,Urban population,SP.URB.TOTL,23467810,23973075,..
Malaysia,MYS,"Population, total",SP.POP.TOTL,31105028,31528585,..
Maldives,MDV,Urban population,SP.URB.TOTL,195483,205288,..
Maldives,MDV,"Population, total",SP.POP.TOTL,496402,515696,..
Mali,MLI,Urban population,SP.URB.TOTL,7695972,8080546,..
Mali,MLI,"Population, total",SP.POP.TOTL,18512394,19077690,..
Malta,MLT,Urban population,SP.URB.TOTL,442474,457477,..
Malta,MLT,"Population, total",SP.POP.TOTL,467999,483530,..
Marshall Islands,MHL,Urban population,SP.URB.TOTL,44492,44996,..
Marshall Islands,MHL,"Population, total",SP.POP.TOTL,58058,58413,..
Mauritania,MRT,Urban population,SP.URB.TOTL,2262227,2363349,..
Mauritania,MRT,"Population, total",SP.POP.TOTL,4282574,4403319,..
Mauritius,MUS,Urban population,SP.URB.TOTL,516481,516155,..
Mauritius,MUS,"Population, total",SP.POP.TOTL,1264613,1265303,..
Mexico,MEX,Urban population,SP.URB.TOTL,99655905,101149488,..
Mexico,MEX,"Population, total",SP.POP.TOTL,124777324,126190788,..
"Micronesia, Fed. Sts.",FSM,Urban population,SP.URB.TOTL,25199,25573,..
"Micronesia, Fed. Sts.",FSM,"Population, total",SP.POP.TOTL,111459,112640,..
Moldova,MDA,Urban population,SP.URB.TOTL,1510431,1511574,..
Moldova,MDA,"Population, total",SP.POP.TOTL,3549196,3545883,..
Monaco,MCO,Urban population,SP.URB.TOTL,38392,38682,..
Monaco,MCO,"Population, total",SP.POP.TOTL,38392,38682,..
Mongolia,MNG,Urban population,SP.URB.TOTL,2128673,2169849,..
Mongolia,MNG,"Population, total",SP.POP.TOTL,3113779,3170208,..
Montenegro,MNE,Urban population,SP.URB.TOTL,413735,415807,..
Montenegro,MNE,"Population, total",SP.POP.TOTL,622373,622345,..
Morocco,MAR,Urban population,SP.URB.TOTL,22027667,22501278,..
Morocco,MAR,"Population, total",SP.POP.TOTL,35581294,36029138,..
Mozambique,MOZ,Urban population,SP.URB.TOTL,10157505,10615007,..
Mozambique,MOZ,"Population, total",SP.POP.TOTL,28649007,29495962,..
Myanmar,MMR,Urban population,SP.URB.TOTL,16186666,16423490,..
Myanmar,MMR,"Population, total",SP.POP.TOTL,53382581,53708395,..
Namibia,NAM,Urban population,SP.URB.TOTL,1177396,1224911,..
Namibia,NAM,"Population, total",SP.POP.TOTL,2402603,2448255,..
Nauru,NRU,Urban population,SP.URB.TOTL,12876,12704,..
Nauru,NRU,"Population, total",SP.POP.TOTL,12876,12704,..
Nepal,NPL,Urban population,SP.URB.TOTL,5341981,5544546,..
Nepal,NPL,"Population, total",SP.POP.TOTL,27627124,28087871,..
Netherlands,NLD,Urban population,SP.URB.TOTL,15602670,15764657,..
Netherlands,NLD,"Population, total",SP.POP.TOTL,17131296,17231017,..
New Caledonia,NCL,Urban population,SP.URB.TOTL,196963,200782,..
New Caledonia,NCL,"Population, total",SP.POP.TOTL,280350,284060,..
New Zealand,NZL,Urban population,SP.URB.TOTL,4145094,4227814,..
New Zealand,NZL,"Population, total",SP.POP.TOTL,4793900,4885500,..
Nicaragua,NIC,Urban population,SP.URB.TOTL,3722307,3783748,..
Nicaragua,NIC,"Population, total",SP.POP.TOTL,6384855,6465513,..
Niger,NER,Urban population,SP.URB.TOTL,3532004,3686254,..
Niger,NER,"Population, total",SP.POP.TOTL,21602472,22442948,..
Nigeria,NGA,Urban population,SP.URB.TOTL,94518555,98611179,..
Nigeria,NGA,"Population, total",SP.POP.TOTL,190873311,195874740,..
North Macedonia,MKD,Urban population,SP.URB.TOTL,1202311,1207345,..
North Macedonia,MKD,"Population, total",SP.POP.TOTL,2081996,2082958,..
Northern Mariana Islands,MNP,Urban population,SP.URB.TOTL,51771,52114,..
Northern Mariana Islands,MNP,"Population, total",SP.POP.TOTL,56562,56882,..
Norway,NOR,Urban population,SP.URB.TOTL,4320306,4370935,..
Norway,NOR,"Population, total",SP.POP.TOTL,5276968,5314336,..
Oman,OMN,Urban population,SP.URB.TOTL,3898855,4082797,..
Oman,OMN,"Population, total",SP.POP.TOTL,4665935,4829483,..
Pakistan,PAK,Urban population,SP.URB.TOTL,75761710,77810763,..
Pakistan,PAK,"Population, total",SP.POP.TOTL,207896686,212215030,..
Palau,PLW,Urban population,SP.URB.TOTL,14133,14313,..
Palau,PLW,"Population, total",SP.POP.TOTL,17808,17907,..
Panama,PAN,Urban population,SP.URB.TOTL,2766526,2828119,..
Panama,PAN,"Population, total",SP.POP.TOTL,4106771,4176873,..
Papua New Guinea,PNG,Urban population,SP.URB.TOTL,1105551,1133366,..
Papua New Guinea,PNG,"Population, total",SP.POP.TOTL,8438029,8606316,..
Paraguay,PRY,Urban population,SP.URB.TOTL,4209509,4283896,..
Paraguay,PRY,"Population, total",SP.POP.TOTL,6867062,6956071,..
Peru,PER,Urban population,SP.URB.TOTL,24438508,24921870,..
Peru,PER,"Population, total",SP.POP.TOTL,31444297,31989256,..
Philippines,PHL,Urban population,SP.URB.TOTL,49096983,50027217,..
Philippines,PHL,"Population, total",SP.POP.TOTL,105173264,106651922,..
Poland,POL,Urban population,SP.URB.TOTL,22824769,22809156,..
Poland,POL,"Population, total",SP.POP.TOTL,37974826,37978548,..
Portugal,PRT,Urban population,SP.URB.TOTL,6659350,6704840,..
Portugal,PRT,"Population, total",SP.POP.TOTL,10300300,10281762,..
Puerto Rico,PRI,Urban population,SP.URB.TOTL,3111769,2989960,..
Puerto Rico,PRI,"Population, total",SP.POP.TOTL,3325001,3195153,..
Qatar,QAT,Urban population,SP.URB.TOTL,2699602,2757615,..
Qatar,QAT,"Population, total",SP.POP.TOTL,2724724,2781677,..
Romania,ROU,Urban population,SP.URB.TOTL,10564709,10515536,..
Romania,ROU,"Population, total",SP.POP.TOTL,19587491,19473936,..
Russian Federation,RUS,Urban population,SP.URB.TOTL,107349518,107539347,..
Russian Federation,RUS,"Population, total",SP.POP.TOTL,144496740,144478050,..
Rwanda,RWA,Urban population,SP.URB.TOTL,2051735,2117287,..
Rwanda,RWA,"Population, total",SP.POP.TOTL,11980937,12301939,..
Samoa,WSM,Urban population,SP.URB.TOTL,36046,35780,..
Samoa,WSM,"Population, total",SP.POP.TOTL,195352,196130,..
San Marino,SMR,Urban population,SP.URB.TOTL,32685,32848,..
San Marino,SMR,"Population, total",SP.POP.TOTL,33671,33785,..
Sao Tome and Principe,STP,Urban population,SP.URB.TOTL,149038,153635,..
Sao Tome and Principe,STP,"Population, total",SP.POP.TOTL,207089,211028,..
Saudi Arabia,SAU,Urban population,SP.URB.TOTL,27678169,28255384,..
Saudi Arabia,SAU,"Population, total",SP.POP.TOTL,33099147,33699947,..
Senegal,SEN,Urban population,SP.URB.TOTL,7207019,7481990,..
Senegal,SEN,"Population, total",SP.POP.TOTL,15419381,15854360,..
Serbia,SRB,Urban population,SP.URB.TOTL,3927608,3916391,..
Serbia,SRB,"Population, total",SP.POP.TOTL,7020858,6982084,..
Seychelles,SYC,Urban population,SP.URB.TOTL,53922,54855,..
Seychelles,SYC,"Population, total",SP.POP.TOTL,95843,96762,..
Sierra Leone,SLE,Urban population,SP.URB.TOTL,3117883,3217272,..
Sierra Leone,SLE,"Population, total",SP.POP.TOTL,7488431,7650154,..
Singapore,SGP,Urban population,SP.URB.TOTL,5612253,5638676,..
Singapore,SGP,"Population, total",SP.POP.TOTL,5612253,5638676,..
Sint Maarten (Dutch part),SXM,Urban population,SP.URB.TOTL,40574,40654,..
Sint Maarten (Dutch part),SXM,"Population, total",SP.POP.TOTL,40574,40654,..
Slovak Republic,SVK,Urban population,SP.URB.TOTL,2923642,2926461,..
Slovak Republic,SVK,"Population, total",SP.POP.TOTL,5439232,5447011,..
Slovenia,SVN,Urban population,SP.URB.TOTL,1121491,1127565,..
Slovenia,SVN,"Population, total",SP.POP.TOTL,2066388,2067372,..
Solomon Islands,SLB,Urban population,SP.URB.TOTL,148108,155047,..
Solomon Islands,SLB,"Population, total",SP.POP.TOTL,636038,652858,..
Somalia,SOM,Urban population,SP.URB.TOTL,6476256,6749317,..
Somalia,SOM,"Population, total",SP.POP.TOTL,14589119,15008154,..
South Africa,ZAF,Urban population,SP.URB.TOTL,37534797,38339668,..
South Africa,ZAF,"Population, total",SP.POP.TOTL,57000451,57779622,..
South Sudan,SSD,Urban population,SP.URB.TOTL,2110795,2152927,..
South Sudan,SSD,"Population, total",SP.POP.TOTL,10910759,10975920,..
Spain,ESP,Urban population,SP.URB.TOTL,37311863,37528982,..
Spain,ESP,"Population, total",SP.POP.TOTL,46593236,46723749,..
Sri Lanka,LKA,Urban population,SP.URB.TOTL,3942265,4003749,..
Sri Lanka,LKA,"Population, total",SP.POP.TOTL,21444000,21670000,..
St. Kitts and Nevis,KNA,Urban population,SP.URB.TOTL,16016,16139,..
St. Kitts and Nevis,KNA,"Population, total",SP.POP.TOTL,52045,52441,..
St. Lucia,LCA,Urban population,SP.URB.TOTL,33679,33973,..
St. Lucia,LCA,"Population, total",SP.POP.TOTL,180955,181889,..
St. Martin (French part),MAF,Urban population,SP.URB.TOTL,..,..,..
St. Martin (French part),MAF,"Population, total",SP.POP.TOTL,36560,37264,..
St. Vincent and the Grenadines,VCT,Urban population,SP.URB.TOTL,56873,57527,..
St. Vincent and the Grenadines,VCT,"Population, total",SP.POP.TOTL,109827,110210,..
Sudan,SDN,Urban population,SP.URB.TOTL,14027564,14480887,..
Sudan,SDN,"Population, total",SP.POP.TOTL,40813396,41801533,..
Suriname,SUR,Urban population,SP.URB.TOTL,376761,380500,..
Suriname,SUR,"Population, total",SP.POP.TOTL,570496,575991,..
Sweden,SWE,Urban population,SP.URB.TOTL,8764881,8903252,..
Sweden,SWE,"Population, total",SP.POP.TOTL,10057698,10183175,..
Switzerland,CHE,Urban population,SP.URB.TOTL,6234162,6284953,..
Switzerland,CHE,"Population, total",SP.POP.TOTL,8451840,8516543,..
Syrian Arab Republic,SYR,Urban population,SP.URB.TOTL,9131381,9156781,..
Syrian Arab Republic,SYR,"Population, total",SP.POP.TOTL,17068002,16906283,..
Tajikistan,TJK,Urban population,SP.URB.TOTL,2396074,2469421,..
Tajikistan,TJK,"Population, total",SP.POP.TOTL,8880268,9100837,..
Tanzania,TZA,Urban population,SP.URB.TOTL,18068061,19022085,..
Tanzania,TZA,"Population, total",SP.POP.TOTL,54663906,56318348,..
Thailand,THA,Urban population,SP.URB.TOTL,34051250,34678853,..
Thailand,THA,"Population, total",SP.POP.TOTL,69209858,69428524,..
Timor-Leste,TLS,Urban population,SP.URB.TOTL,375614,387720,..
Timor-Leste,TLS,"Population, total",SP.POP.TOTL,1243261,1267972,..
Togo,TGO,Urban population,SP.URB.TOTL,3168846,3289910,..
Togo,TGO,"Population, total",SP.POP.TOTL,7698475,7889094,..
Tonga,TON,Urban population,SP.URB.TOTL,23632,23870,..
Tonga,TON,"Population, total",SP.POP.TOTL,101998,103197,..
Trinidad and Tobago,TTO,Urban population,SP.URB.TOTL,736396,739182,..
Trinidad and Tobago,TTO,"Population, total",SP.POP.TOTL,1384072,1389858,..
Tunisia,TUN,Urban population,SP.URB.TOTL,7848144,7973630,..
Tunisia,TUN,"Population, total",SP.POP.TOTL,11433443,11565204,..
Turkey,TUR,Urban population,SP.URB.TOTL,60537696,61857510,..
Turkey,TUR,"Population, total",SP.POP.TOTL,81101892,82319724,..
Turkmenistan,TKM,Urban population,SP.URB.TOTL,2945220,3018659,..
Turkmenistan,TKM,"Population, total",SP.POP.TOTL,5757669,5850908,..
Turks and Caicos Islands,TCA,Urban population,SP.URB.TOTL,34449,35065,..
Turks and Caicos Islands,TCA,"Population, total",SP.POP.TOTL,37115,37665,..
Tuvalu,TUV,Urban population,SP.URB.TOTL,6996,7179,..
Tuvalu,TUV,"Population, total",SP.POP.TOTL,11370,11508,..
Uganda,UGA,Urban population,SP.URB.TOTL,9548045,10156999,..
Uganda,UGA,"Population, total",SP.POP.TOTL,41162465,42723139,..
Ukraine,UKR,Urban population,SP.URB.TOTL,31043768,30946607,..
Ukraine,UKR,"Population, total",SP.POP.TOTL,44831135,44622516,..
United Arab Emirates,ARE,Urban population,SP.URB.TOTL,8182523,8332898,..
United Arab Emirates,ARE,"Population, total",SP.POP.TOTL,9487203,9630959,..
United Kingdom,GBR,Urban population,SP.URB.TOTL,54923317,55450489,..
United Kingdom,GBR,"Population, total",SP.POP.TOTL,66058859,66488991,..
United States,USA,Urban population,SP.URB.TOTL,266809225,269114845,..
United States,USA,"Population, total",SP.POP.TOTL,325147121,327167434,..
Uruguay,URY,Urban population,SP.URB.TOTL,3273062,3288355,..
Uruguay,URY,"Population, total",SP.POP.TOTL,3436646,3449299,..
Uzbekistan,UZB,Urban population,SP.URB.TOTL,16372437,16635227,..
Uzbekistan,UZB,"Population, total",SP.POP.TOTL,32388600,32955400,..
Vanuatu,VUT,Urban population,SP.URB.TOTL,71843,73972,..
Vanuatu,VUT,"Population, total",SP.POP.TOTL,285510,292680,..
"Venezuela, RB",VEN,Urban population,SP.URB.TOTL,25917344,25465822,..
"Venezuela, RB",VEN,"Population, total",SP.POP.TOTL,29390409,28870195,..
Vietnam,VNM,Urban population,SP.URB.TOTL,33310316,34317154,..
Vietnam,VNM,"Population, total",SP.POP.TOTL,94596642,95540395,..
Virgin Islands (U.S.),VIR,Urban population,SP.URB.TOTL,102551,102399,..
Virgin Islands (U.S.),VIR,"Population, total",SP.POP.TOTL,107268,106977,..
West Bank and Gaza,PSE,Urban population,SP.URB.TOTL,3380930,3479999,..
West Bank and Gaza,PSE,"Population, total",SP.POP.TOTL,4454805,4569087,..
"Yemen, Rep.",YEM,Urban population,SP.URB.TOTL,10024989,10442489,..
"Yemen, Rep.",YEM,"Population, total",SP.POP.TOTL,27834821,28498687,..
Zambia,ZMB,Urban population,SP.URB.TOTL,7243041,7551686,..
Zambia,ZMB,"Population, total",SP.POP.TOTL,16853688,17351822,..
Zimbabwe,ZWE,Urban population,SP.URB.TOTL,4589499,4650663,..
Zimbabwe,ZWE,"Population, total",SP.POP.TOTL,14236745,14439018,..
Arab World,ARB,Urban population,SP.URB.TOTL,241543662,247363361,..
Arab World,ARB,"Population, total",SP.POP.TOTL,411898965,419790588,..
Caribbean small states,CSS,Urban population,SP.URB.TOTL,3733908,3767742,..
Caribbean small states,CSS,"Population, total",SP.POP.TOTL,7314990,7358965,..
Central Europe and the Baltics,CEB,Urban population,SP.URB.TOTL,63953451,63897809,..
Central Europe and the Baltics,CEB,"Population, total",SP.POP.TOTL,102738854,102511922,..
Early-demographic dividend,EAR,Urban population,SP.URB.TOTL,1434480350,1466377985,..
Early-demographic dividend,EAR,"Population, total",SP.POP.TOTL,3207188541,3249140605,..
East Asia & Pacific,EAS,Urban population,SP.URB.TOTL,1346786047,1374879347,..
East Asia & Pacific,EAS,"Population, total",SP.POP.TOTL,2314202003,2328220870,..
East Asia & Pacific (excluding high income),EAP,Urban population,SP.URB.TOTL,1130651080,1158097589,..
East Asia & Pacific (excluding high income),EAP,"Population, total",SP.POP.TOTL,2068155660,2081651801,..
East Asia & Pacific (IDA & IBRD countries),TEA,Urban population,SP.URB.TOTL,1114932023,1142248481,..
East Asia & Pacific (IDA & IBRD countries),TEA,"Population, total",SP.POP.TOTL,2042687863,2056064424,..
Euro area,EMU,Urban population,SP.URB.TOTL,261911604,263144784,..
Euro area,EMU,"Population, total",SP.POP.TOTL,341164362,341783171,..
Europe & Central Asia,ECS,Urban population,SP.URB.TOTL,657702786,661885465,..
Europe & Central Asia,ECS,"Population, total",SP.POP.TOTL,915420161,918793590,..
Europe & Central Asia (excluding high income),ECA,Urban population,SP.URB.TOTL,276343835,278468939,..
Europe & Central Asia (excluding high income),ECA,"Population, total",SP.POP.TOTL,415710935,417797257,..
Europe & Central Asia (IDA & IBRD countries),TEC,Urban population,SP.URB.TOTL,301505852,303606886,..
Europe & Central Asia (IDA & IBRD countries),TEC,"Population, total",SP.POP.TOTL,457810292,459865205,..
European Union,EUU,Urban population,SP.URB.TOTL,386430216,388326219,..
European Union,EUU,"Population, total",SP.POP.TOTL,512191098,513213363,..
Fragile and conflict affected situations,FCS,Urban population,SP.URB.TOTL,206446749,213083870,..
Fragile and conflict affected situations,FCS,"Population, total",SP.POP.TOTL,504119229,515215936,..
Heavily indebted poor countries (HIPC),HPC,Urban population,SP.URB.TOTL,269819694,280950435,..
Heavily indebted poor countries (HIPC),HPC,"Population, total",SP.POP.TOTL,759106221,780234406,..
High income,HIC,Urban population,SP.URB.TOTL,977418540,984376811,..
High income,HIC,"Population, total",SP.POP.TOTL,1204429565,1210312147,..
IBRD only,IBD,Urban population,SP.URB.TOTL,2573823207,2625349359,..
IBRD only,IBD,"Population, total",SP.POP.TOTL,4731120193,4772284113,..
IDA & IBRD total,IBT,Urban population,SP.URB.TOTL,3159613826,3232404453,..
IDA & IBRD total,IBT,"Population, total",SP.POP.TOTL,6335039629,6412522234,..
IDA blend,IDB,Urban population,SP.URB.TOTL,227821709,235563372,..
IDA blend,IDB,"Population, total",SP.POP.TOTL,543525897,555830605,..
IDA only,IDX,Urban population,SP.URB.TOTL,357968910,371491722,..
IDA only,IDX,"Population, total",SP.POP.TOTL,1060393539,1084407516,..
IDA total,IDA,Urban population,SP.URB.TOTL,585790619,607055094,..
IDA total,IDA,"Population, total",SP.POP.TOTL,1603919436,1640238121,..
Late-demographic dividend,LTE,Urban population,SP.URB.TOTL,1401904998,1429159724,..
Late-demographic dividend,LTE,"Population, total",SP.POP.TOTL,2276319334,2288665963,..
Latin America & Caribbean,LCN,Urban population,SP.URB.TOTL,510454639,516796961,..
Latin America & Caribbean,LCN,"Population, total",SP.POP.TOTL,635372515,641357515,..
Latin America & Caribbean (excluding high income),LAC,Urban population,SP.URB.TOTL,483518284,489657102,..
Latin America & Caribbean (excluding high income),LAC,"Population, total",SP.POP.TOTL,603254104,609013934,..
Latin America & the Caribbean (IDA & IBRD countries),TLA,Urban population,SP.URB.TOTL,497765033,504218023,..
Latin America & the Caribbean (IDA & IBRD countries),TLA,"Population, total",SP.POP.TOTL,619460244,625569713,..
Least developed countries: UN classification,LDC,Urban population,SP.URB.TOTL,325900271,338924137,..
Least developed countries: UN classification,LDC,"Population, total",SP.POP.TOTL,986365080,1009662578,..
Low & middle income,LMY,Urban population,SP.URB.TOTL,3139251125,3211979837,..
Low & middle income,LMY,"Population, total",SP.POP.TOTL,6306560891,6383958209,..
Low income,LIC,Urban population,SP.URB.TOTL,220870605,229769967,..
Low income,LIC,"Population, total",SP.POP.TOTL,687449530,705417321,..
Lower middle income,LMC,Urban population,SP.URB.TOTL,1193641975,1224515091,..
Lower middle income,LMC,"Population, total",SP.POP.TOTL,2981420591,3022905169,..
Middle East & North Africa,MEA,Urban population,SP.URB.TOTL,287047910,293463198,..
Middle East & North Africa,MEA,"Population, total",SP.POP.TOTL,441255234,448912859,..
Middle East & North Africa (excluding high income),MNA,Urban population,SP.URB.TOTL,230712172,235828183,..
Middle East & North Africa (excluding high income),MNA,"Population, total",SP.POP.TOTL,376546755,382896715,..
Middle East & North Africa (IDA & IBRD countries),TMN,Urban population,SP.URB.TOTL,227331242,232348184,..
Middle East & North Africa (IDA & IBRD countries),TMN,"Population, total",SP.POP.TOTL,372091950,378327628,..
Middle income,MIC,Urban population,SP.URB.TOTL,2918380520,2982209870,..
Middle income,MIC,"Population, total",SP.POP.TOTL,5619111361,5678540888,..
North America,NAC,Urban population,SP.URB.TOTL,296598607,299348798,..
North America,NAC,"Population, total",SP.POP.TOTL,361751263,364290258,..
Not classified,INX,Urban population,SP.URB.TOTL,..,..,..
Not classified,INX,"Population, total",SP.POP.TOTL,..,..,..
OECD members,OED,Urban population,SP.URB.TOTL,1042102866,1050557502,..
OECD members,OED,"Population, total",SP.POP.TOTL,1296225760,1303529456,..
Other small states,OSS,Urban population,SP.URB.TOTL,18579089,19106876,..
Other small states,OSS,"Population, total",SP.POP.TOTL,30148800,30758989,..
Pacific island small states,PSS,Urban population,SP.URB.TOTL,933241,952999,..
Pacific island small states,PSS,"Population, total",SP.POP.TOTL,2422086,2457367,..
Post-demographic dividend,PST,Urban population,SP.URB.TOTL,896980888,902213494,..
Post-demographic dividend,PST,"Population, total",SP.POP.TOTL,1106035186,1109997273,..
Pre-demographic dividend,PRE,Urban population,SP.URB.TOTL,363895058,379075795,..
Pre-demographic dividend,PRE,"Population, total",SP.POP.TOTL,894512725,919485393,..
Small states,SST,Urban population,SP.URB.TOTL,23246238,23827617,..
Small states,SST,"Population, total",SP.POP.TOTL,39885876,40575321,..
South Asia,SAS,Urban population,SP.URB.TOTL,601749802,616753576,..
South Asia,SAS,"Population, total",SP.POP.TOTL,1792835608,1814388744,..
South Asia (IDA & IBRD),TSA,Urban population,SP.URB.TOTL,601749802,616753576,..
South Asia (IDA & IBRD),TSA,"Population, total",SP.POP.TOTL,1792835608,1814388744,..
Sub-Saharan Africa,SSF,Urban population,SP.URB.TOTL,416329874,433229303,..
Sub-Saharan Africa,SSF,"Population, total",SP.POP.TOTL,1050153672,1078306520,..
Sub-Saharan Africa (excluding high income),SSA,Urban population,SP.URB.TOTL,416275952,433174448,..
Sub-Saharan Africa (excluding high income),SSA,"Population, total",SP.POP.TOTL,1050057829,1078209758,..
Sub-Saharan Africa (IDA & IBRD countries),TSS,Urban population,SP.URB.TOTL,416329874,433229303,..
Sub-Saharan Africa (IDA & IBRD countries),TSS,"Population, total",SP.POP.TOTL,1050153672,1078306520,..
Upper middle income,UMC,Urban population,SP.URB.TOTL,1724738545,1757694779,..
Upper middle income,UMC,"Population, total",SP.POP.TOTL,2637690770,2655635719,..
World,WLD,Urban population,SP.URB.TOTL,4116669665,4196356648,..
World,WLD,"Population, total",SP.POP.TOTL,7510990456,7594270356,..
,,,,,,
,,,,,,
,,,,,,
Data from database: World Development Indicators,,,,,,
Last Updated: 03/18/2020,,,,,,
