﻿Code,License Type,Indicator Name,Long definition,Source,Topic,Periodicity,Aggregation method,Statistical concept and methodology,Development relevance,Limitations and exceptions,General comments,License URL
SP.URB.TOTL,CC BY-4.0,Urban population,Urban population refers to people living in urban areas as defined by national statistical offices. It is calculated using World Bank population estimates and urban ratios from the United Nations World Urbanization Prospects. Aggregation of urban and rural population may not add up to total population because of different country coverages.,World Bank staff estimates based on the United Nations Population Division's World Urbanization Prospects: 2018 Revision.,Environment: Density & urbanization,Annual,Sum,"Urban population refers to people living in urban areas as defined by national statistical offices. The indicator is calculated using World Bank population estimates and urban ratios from the United Nations World Urbanization Prospects. To estimate urban populations, UN ratios of urban to total population were applied to the World Bank's estimates of total population.

Countries differ in the way they classify population as "urban" or "rural." The population of a city or metropolitan area depends on the boundaries chosen.","Explosive growth of cities globally signifies the demographic transition from rural to urban, and is associated with shifts from an agriculture-based economy to mass industry, technology, and service.

In principle, cities offer a more favorable setting for the resolution of social and environmental problems than rural areas. Cities generate jobs and income, and deliver education, health care and other services. Cities also present opportunities for social mobilization and women's empowerment.","Aggregation of urban and rural population may not add up to total population because of different country coverage. There is no consistent and universally accepted standard for distinguishing urban from rural areas, in part because of the wide variety of situations across countries.

Most countries use an urban classification related to the size or characteristics of settlements. Some define urban areas based on the presence of certain infrastructure and services. And other countries designate urban areas based on administrative arrangements. Because of national differences in the characteristics that distinguish urban from rural areas, the distinction between urban and rural population is not amenable to a single definition that would be applicable to all countries.

Estimates of the world's urban population would change significantly if China, India, and a few other populous nations were to change their definition of urban centers. 

Because the estimates of city and metropolitan area are based on national definitions of what constitutes a city or metropolitan area, cross-country comparisons should be made with caution.",,https://datacatalog.worldbank.org/public-licenses#cc-by
SP.POP.TOTL,CC BY-4.0,"Population, total","Total population is based on the de facto definition of population, which counts all residents regardless of legal status or citizenship. The values shown are midyear estimates.","(1) United Nations Population Division. World Population Prospects: 2019 Revision. (2) Census reports and other statistical publications from national statistical offices, (3) Eurostat: Demographic Statistics, (4) United Nations Statistical Division. Population and Vital Statistics Reprot (various years), (5) U.S. Census Bureau: International Database, and (6) Secretariat of the Pacific Community: Statistics and Demography Programme.",Health: Population: Structure,Annual,Sum,"Population estimates are usually based on national population censuses. Estimates for the years before and after the census are interpolations or extrapolations based on demographic models.

Errors and undercounting occur even in high-income countries.  In developing countries errors may be substantial because of limits in the transport, communications, and other resources required to conduct and analyze a full census.

The quality and reliability of official demographic data are also affected by public trust in the government, government commitment to full and accurate enumeration, confidentiality and protection against misuse of census data, and census agencies' independence from political influence. Moreover, comparability of population indicators is limited by differences in the concepts, definitions, collection procedures, and estimation methods used by national statistical agencies and other organizations that collect the data.

The currentness of a census and the availability of complementary data from surveys or registration systems are objective ways to judge demographic data quality. Some European countries' registration systems offer complete information on population in the absence of a census.

The United Nations Statistics Division monitors the completeness of vital registration systems. Some developing countries have made progress over the last 60 years, but others still have deficiencies in civil registration systems.

International migration is the only other factor besides birth and death rates that directly determines a country's population growth. Estimating migration is difficult. At any time many people are located outside their home country as tourists, workers, or refugees or for other reasons. Standards for the duration and purpose of international moves that qualify as migration vary, and estimates require information on flows into and out of countries that is difficult to collect.

Population projections, starting from a base year are projected forward using assumptions of mortality, fertility, and migration by age and sex through 2050, based on the UN Population Division's World Population Prospects database medium variant.","Increases in human population, whether as a result of immigration or more births than deaths, can impact natural resources and social infrastructure.  This can place pressure on a country's sustainability.  A significant growth in population will negatively impact the availability of land for agricultural production, and will aggravate demand for food, energy, water, social services, and infrastructure. On the other hand, decreasing population size - a result of fewer births than deaths, and people moving out of a country - can impact a government's commitment to maintain services and infrastructure.","Current population estimates for developing countries that lack (i) reliable recent census data, and (ii) pre- and post-census estimates for countries with census data, are provided by the United Nations Population Division and other agencies. 

The cohort component method - a standard method for estimating and projecting population - requires fertility, mortality, and net migration data, often collected from sample surveys, which can be small or limited in coverage. Population estimates are from demographic modeling and so are susceptible to biases and errors from shortcomings in both the model and the data. In the UN estimates the five-year age group is the cohort unit and five-year period data are used; therefore interpolations to obtain annual data or single age structure may not reflect actual events or age composition.

Because future trends cannot be known with certainty, population projections have a wide range of uncertainty.",Relevance to gender indicator: disaggregating the population composition by gender will help a country in projecting its demand for social services on a gender basis.,https://datacatalog.worldbank.org/public-licenses#cc-by
